{
  "version":  "3.1.0",
  "energy":    -1.1421071926687140E-02,
  "virial": [
     3.9165842263301628E-03,
    -7.9452570168500082E-04,
     6.9571638098621380E-04,
    -7.9452570168500104E-04,
     7.6720245373158276E-03,
     4.7258520203701893E-04,
     6.9571638098621402E-04,
     4.7258520203701898E-04,
     2.5948325643309336E-03
  ],
  "gradient": [
     5.4890936870307458E-06,
     6.8905474400116919E-05,
     7.2070072169919800E-05,
     2.4930043602179583E-05,
     6.7691577269145462E-05,
     3.7700300451771096E-05,
    -1.4736602874695291E-05,
     5.0856751475448562E-05,
     5.1948468437263376E-05,
    -5.5631010132875833E-06,
     2.7077036227042269E-05,
     1.1709864260263766E-06,
    -5.4814462973470864E-06,
     5.3354792280423706E-05,
    -5.0069999398762651E-05,
    -4.9371107431931046E-05,
     5.3330648261494858E-05,
    -3.7238206995447541E-05,
    -3.2284825409718268E-05,
     6.2055713163868212E-05,
    -7.2108640792203880E-05,
    -4.1493709585997241E-07,
     1.0024882676689814E-06,
     3.9850389305088546E-06,
     5.0263488391624156E-05,
    -5.7894047464555081E-06,
     4.3331203570559593E-06,
     5.3979056519958045E-05,
    -4.7773970154111436E-05,
     3.1020675110125864E-06,
     1.4604167870251663E-05,
    -7.3704595241581053E-05,
     3.2346752222179134E-06,
    -3.1735094682207055E-05,
    -6.4930848342024087E-05,
     4.1568627637070596E-06,
    -4.4626255568885203E-05,
    -2.4542181531969100E-05,
     5.2506554018258934E-06,
    -7.6487138211663158E-05,
    -1.6273009059362172E-05,
     4.2102393734156682E-06,
    -8.0258448622239946E-05,
    -1.0419771633515923E-05,
    -2.7616995354742501E-05,
    -8.3718768805998017E-05,
    -1.6304503815768962E-05,
     3.4174695947532257E-05,
     2.4646603214524721E-05,
    -1.2128514825335609E-04,
    -1.5088766034328947E-05,
     4.1513556981584620E-05,
    -5.5411976900960972E-05,
     1.6366788715407484E-05,
    -1.8068889842021422E-05,
    -6.7233519496395024E-05,
     1.3994732684073835E-05,
     1.3038498462342140E-05,
    -5.7422393449078066E-05,
    -4.2009797558819596E-05,
     7.6696839367233026E-05,
     1.4286527615113126E-05,
     5.0744732779807672E-07,
     7.7380091285684206E-05,
     1.7910909606269029E-05,
     2.9525034140713740E-05,
     8.4355687520225485E-05,
     2.0039183353897748E-05,
    -3.2256599969490821E-05,
     1.7760451323057495E-06,
     1.4228927109586233E-05,
     1.5791888579799308E-05,
     5.0870798168350767E-06,
     1.6779304078616517E-05,
     2.0145609527045689E-05,
     2.4459298615509132E-06,
     1.9853918791557404E-05,
     1.8271241104678267E-05,
     8.3473764053464057E-06,
     1.4040431034673634E-05,
     1.6856640390511496E-05,
     4.3462171755171121E-06,
     2.0762925231650889E-05,
     1.9138737435879392E-05,
     1.6813307629038787E-06,
     1.3629029016594584E-05,
     1.3562000040069437E-05,
    -4.0645086129636864E-06,
     1.1079769236527805E-05,
     1.1536033419199555E-05,
    -6.7875315299839272E-06,
     1.3858945760891228E-05,
    -1.2618262303414359E-05,
    -3.0888208196509158E-07,
     1.2268775012368763E-05,
    -1.0984662416476264E-05,
    -1.3464853117230929E-05,
     1.0139612525620147E-05,
    -1.6400453263893265E-05,
    -1.1910867614826198E-05,
     1.7401732871000870E-05,
    -1.8988414038076405E-05,
    -7.2393442222823694E-06,
     1.2703207078329715E-05,
    -1.5867172929266527E-05,
    -1.1133121468500236E-05,
     1.3608543984675277E-05,
    -1.9996225679943384E-05,
    -1.0012696170863329E-05,
     1.7782398187082272E-05,
    -1.8313140995089047E-05,
     1.9049200550896968E-05,
    -1.0782734070747409E-05,
     3.2796204715257997E-06,
    -1.3716048276244802E-05,
    -1.7287775152205311E-05,
     3.1325062512730999E-06,
     2.2289489224541949E-06,
    -1.0821125527034664E-05,
    -2.6618361271991471E-06,
     3.4139423538857460E-06,
    -2.2685703180406254E-05,
    -7.6301611826346083E-06,
     6.1112710663802315E-06,
    -2.1979961284692225E-05,
    -7.5961280404431076E-06
  ]
}
